IGN,summonerID,Region
xinec,59177709,NA
Savage,24870713,NA
LOFS,21732468,NA
Intrepid,20650992,NA
CLOCKDAY,45495635,NA
Akunma,82759189,NA
Jia,20087970,NA
Nobody,32219917,NA
Trance,26690873,NA
NoName,38988123,NA
Arphan,327904,NA
Trowen,83752748,NA
suryD,37119464,NA
Entranced,50539313,NA
Juliostito,24558922,NA
Porpoise,24457499,NA
Crimson,23830375,NA
Theusma,50426520,NA
Soulmate,68272835,NA
Wish,597939,NA
SKT Bowser,7667926,LAN
BAKA,70061611,NA
TiP Impact,72917479,NA
Peel,84220887,NA
Nikisbrda,53895411,EUNE
Blasting,82842764,NA
zero and ten,38993755,NA
Lucky,37506346,NA
MooN,55346621,NA
Crayzee,37042807,NA
Gruhlum,18980763,EUNE
FiddleOP,51167570,NA
Nipphu,21807842,NA
ThoRax,27778405,NA
JueJue,83359592,NA
Omi,43233214,NA
LiL Bunny FuFuu,22645232,NA
kj4DqqFpMxVL,44979332,NA
Dasnyp,95908194,EUW
Minerva,35699646,NA
NaeMisa,39208709,NA
pineappleonpizza,84879145,NA
SukiM,39905824,NA
Werwer,30871695,NA
Yeluo,38061890,NA
Sencux,59849041,NA
CoCo8,3633199,LAS
YutoriMoyashi,75889250,NA
Imaqtpie,19887289,NA
Yshee,29983852,EUNE
Nerthus,28742589,NA
Severus,52393327,NA
Pururun,40289647,NA
bjergerfan76,84337576,EUW
Surender,34996966,EUNE
Tatsuy,43373906,NA
SouthWind,37232044,NA
Zhergoth,23595556,EUNE
ChuffeR,49117973,EUW
InKos,35871980,NA
Kitties,68521226,NA
CO4,20099559,NA
JoJo,36592341,NA
Spy,25737261,NA
Palhaco,60308928,NA
Krakmo,49469676,NA
Zoiren,61874515,EUNE
Waker,60729817,NA
MyticQ,22042864,NA
l am Bjerg,32265217,NA
Spookz,29509175,NA
Tibold,25156600,EUNE
BloodWater,21600556,NA
Krow,42100849,NA
JokerJ,39615495,NA
Memory,114561,NA
yarnello,65399100,NA
Gilius,83399103,NA
Wizzi,69561821,NA
Myang,45557873,NA
LaoPi,24900702,NA
Kirei,81549189,NA
GIRL STREAMER,51694888,EUNE
Malaz,44339653,NA
Choisix,40017716,NA
heavenTime,23050296,NA
Jing,21292148,NA
CMK,22210552,NA
Wuuuh,46237689,EUW
Akayso,20408134,NA
rubeN,49060060,NA
Eugene J Park,55719003,EUNE
Winter,19873955,NA
mumus1,62885731,EUNE
Guts,19459431,NA
Liquid Ezra,19732914,NA
I MY ME MINE,73209744,NA
CandyPanda,39962222,NA
Robo,17970,NA
Reje,28539501,NA
DCStar,65123063,NA
Easy,20764411,NA
Gate,21428926,NA
greatkaichamp04,29699937,NA
Swiffer,51400778,NA
Tally,26722765,NA
cesuna,19877155,NA
Shinmori,77092635,NA
Eimy,21153503,NA
Helior,31149461,NA
napraen,47443417,NA
Naryt,442477,NA
Slyv3r,19058878,NA
Soren,21421332,NA
LetMe,26302469,NA
Haelz,35349216,NA
Zantins,28887206,NA
Nono,22505822,NA
Hans sama,23643280,NA
Arin1,68010681,NA
Achuu,71198,NA
Alone,22419182,NA
ManolinGuilder,24360304,NA
NylonNylle27,94639989,EUW
Dodi,314421,NA
ReD,2640,NA
JRTSeven,19408986,NA
GuardianBanana,75881544,NA
Impaired,36279447,NA
Plumber,72839198,NA
unso,61713363,NA
Jiang,85050831,NA
Prothana,19546062,EUW
Elysia,76078,NA
C9 Meteos,44008519,NA
FZ3R0,42060215,NA
EGym,70868084,EUW
TheRaizor,22069279,EUNE
Lyumi,391086,EUNE
Waka Waka,82369192,NA
Matsukaze,45453635,NA
CrazyCaps,32248720,NA
Savoki,73731648,NA
RaidbawZ,31017320,EUW
RO0Kie,65303992,EUNE
One Called Saint,138243,NA
Zorozero,22931654,NA
Czz1,53818043,NA
WuShuang,21507731,NA
Medussa,81482490,NA
Serick,32944197,NA
Sixx,44003591,NA
GoldeNz,74299456,NA
Energy,34555996,NA
Captain Ziploc,19441663,NA
Quasmire,50759302,NA
perfect fingers,84049285,NA
Freeze,31687588,NA
Andre,38569151,NA
FlyQ Hai,492066,NA
Perhapstky,20340454,NA
Quakerr,48070506,NA
Gudair,35420838,NA
Jynthe,73730493,NA
L4Mouette,19736539,EUNE
Chipotlehunter,55419361,NA
Tabe,46696337,EUNE
Ribena,19975880,NA
Dexter,19890829,NA
OzoraVeki,55477864,NA
Whitehook,20317166,NA
inSec,72874380,NA
KiDDeKay,68795627,EUW
Akari,80359352,NA
alleycat,74600553,NA
Rainbrain,21343257,NA
BarneyD,37260162,NA
Noxiak,72882587,NA
jpak,19484668,NA
Zzitai,40624647,NA
Xani,36343654,NA
Slow,24563124,NA
C9 Hai,23821582,NA
DianGun,60462655,NA
kev1n,84540114,NA
Leozuxo,21363386,NA
XiliaGrace,57647351,EUW
Prophuth,64832153,NA
Mueki,21685210,NA
Shipa,19735300,NA
Nororin,22410662,NA
Juju,26714560,NA
Star,3225,NA
Ranger,22902,NA
bigpomelo,85020045,NA
Elementz,43311088,NA
Zhanos,19857427,NA
Atillos,34566366,NA
ChosenOne,37299100,NA
Khynm,22755345,EUW
XJAY,110226,NA
Sybol,52882347,NA
Dien,19067823,NA
Safir,82046,NA
BobqinXD,21701239,NA
Carbon,19091,NA
Squeeze,225161,NA
H2k kaSing,74450016,NA
frogurt,69733356,NA
Ss17,81429306,NA
Endless,64939280,NA
Zeicro,62331390,NA
Evi,19881405,NA
Mylon,19131664,NA
Bei,133020,NA
Wingsofdeathx,19660288,NA
SunnyXX,39538795,EUNE
Masa,22137201,NA
plzbuffmarksman,56511414,NA
TaeYeon,19326858,NA
ViRtU4l,19247825,NA
Mash,26474731,NA
Pyro,20751386,NA
Claire,43093227,NA
feed l0rd,35301382,NA
Takeshi,64721224,NA
Time,11055,NA
MagicWindom,19798314,NA
Luskka,79231013,NA
N0L1F3,81714997,NA
huxley,50864712,NA
TheTess,19754759,EUNE
Sagi,44576,NA
Tabzz,57536963,NA
Azingy,22479740,NA
Ohhhq,73759906,EUW
Satorius,22587746,NA
raydere,69039513,NA
Saitain,52581185,NA
Inu,19859489,NA
Godv,23733385,NA
DoubleG,475189,NA
FishBall,44793406,NA
Xpng,2933820,LAN
Adrian Ma,58060767,NA
Juves,71210071,NA
C9 Gun,44989337,NA
McFruchtFyscH,35826420,EUNE
Soul,19329012,NA
Picoca,19720002,NA
Darlik,20108831,NA
C9 Balls,19238304,NA
tOfu,21900489,NA
Just Jayce,27798233,NA
Funny,41297012,NA
Fisch,45118108,NA
Cruzher,44852272,NA
Pretty,67846,NA
Legion,36239492,NA
C9 LemonNation,75782222,NA
Lounet,20228479,EUW
Trashy,21323991,NA
Swak,25748518,NA
OVRJYWCE,73591517,NA
Obvious,34613900,NA
EShen,20571709,NA
Noaphiel,19052241,EUNE
Rikytan,19625682,NA
Tim6Kya,61053172,EUW
Metallicus,30143,NA
Brigels,19796632,EUNE
k1ng,19258743,NA
Guardsman Bob,41605308,EUNE
bigfatlp,1821,NA
Lexvink,434114,NA
YuZhe,24520898,NA
LaBonte,47369296,NA
Shiphtur,19967304,NA
kane,84560097,NA
Phoenix,19365,NA
enaek,57019107,NA
LordKevko,20237432,EUNE
Mampfi,275094,NA
X1u,68879861,NA
Feetloverbard,62268024,EUW
Praedyth,81759481,NA
Pyl,34860084,NA
Darkerz,20788257,NA
Atom,26313301,NA
Chimin,83430552,NA
Dreamforest,31668761,NA
Doigby,24013392,NA
TaintedOnes,67215934,NA
Yu,60374712,NA
MiT,25848853,NA
Refuse Rickkyy,9500126,TR
Frozzy,89466,NA
Jinjiao,61394521,NA
dNa,22564105,NA
Darshan,36352163,NA
Virtuous,27861026,NA
Nurok,20083399,NA
Daniquest,21224238,NA
SuperCat,39772909,NA
Noel,22557451,NA
Bonny,24955156,NA
Zzr,82884511,NA
Touch,21557836,NA
wxmx,58243227,NA
Minibestia,21529290,NA
Facerollerx,1152598,RU
Martin,581989,NA
Cake,20351938,NA
Exileh,59275566,NA
XXChaosCubeXx,56901963,EUW
C9 Incarnati0n,85249728,NA
Kanani,51438693,NA
Ceres,44843264,NA
Apple,84140209,NA
Zero IQ Usage,40339205,EUNE
Steelback,75069538,NA
Sweet,47012489,NA
KING TRICK,19988289,NA
Reyk,30529573,NA
Pheilox,20266317,EUNE
Genthix,42162761,EUW
Knut,58678347,NA
hyrqBot,57253022,EUNE
Candyseven,64031108,EUW
Kazmitch,30442,LAN
Sheep,21473501,NA
TinOwns,37145694,NA
YellOwStaR,29611061,NA
Haretti,47573991,NA
Lustnation,52864486,NA
Xuan,20939672,NA
TheMountain,21457779,NA
Altec,139388,NA
Tittu,48482848,NA
tockers,61645180,EUNE
Balmung,37561839,NA
NME otter,67517668,EUW
Arrowlol,84649274,NA
HelioScarlet,55779191,NA
HolyFish,28989168,NA
Cody Sun,20533841,NA
Norvie,87468,NA
Romant1c,82672253,NA
Kalec,34896993,EUNE
Drey,160128,NA
1800MICROWAVES,44979342,NA
March,72974004,NA
Hasi,55337645,NA
22,54340889,NA
Mlxg,25549286,NA
Kami,21423,NA
Unlimited,22945688,NA
BocaJunior,21062748,NA
Vasilii,64650417,NA
Kimi,21624658,NA
SozPurefect,44290832,NA
Sask,42775306,NA
CHELitw,50529357,NA
Fenix TL,65409091,NA
Shook,39543175,NA
Xiye,66602000,NA
maplestreet8,66262463,EUW
Hide on bush,64807930,NA
Flareszt,51715502,EUW
Rabbit97,23598959,EUNE
Relenus,54249172,NA
Sardoche,51929696,NA
Hybrid,21287488,NA
Dom1nant,23323303,NA
foo sharp,351515,EUNE
Ziriguidun,82511471,NA
Xavieles,36903446,EUNE
Icon,19917505,NA
50 Shades of Eyy,42732527,NA
Bao,21381419,NA
Cotopaco,127395,LAN
Jinsh,45757040,NA
Malkkari,19771158,EUNE
IoCarry,11431719,LAN
Nukeduck,40663501,NA
Supreme,24499409,NA
Jockster,19018270,NA
Nogod,44901430,NA
Dodo8,19245823,NA
NaSoMaNiAC,31373544,EUNE
lies,26611624,NA
Terette,6180301,JP
Xubin,39174824,NA
Nestea,22433644,NA
Hiiva,83007700,NA
Yao,23666293,NA
Shu,27676918,NA
Bwipo,34428877,EUW
Taxstump,20709646,NA
Gogoing,21639050,NA
Conan,25165791,NA
Khyle,28979687,NA
lIIIIlllIIIllll,49739407,NA
Kenetaro,25730914,NA
C9 Sneaky,51405,NA
Alocs,65869111,NA
BonziN,68872788,NA
TransIogic,44979338,NA
Mouse,51289,NA
hu1,43491266,EUNE
Nyjacky,37350877,NA
Froggen,29762147,NA
Destiny,21866857,NA
Bonaparte,586666,NA
Arty,19442686,NA
Killwar,53275065,NA
Caveman,25932597,NA
Carilrui,23636274,NA
Avenuee,59292236,NA
Kobbe,83240516,NA
Amazingx,4085029,KR
Ryan Choi,29259499,NA
Zealot,54249134,NA
Jbzz,32274442,NA
Totti,23573332,NA
4Lan,49131075,NA
G U CK F O S U,22277779,NA
Zbuum,50749357,NA
MoMa,45100305,NA
Luo,71312039,NA
Qaspiel,76133082,NA
Vash,23160715,NA
SagaZ,43709136,NA
Fenix lol,25415468,NA
Janitin,94487877,EUW
ZEMYXARCVS,28335920,EUW
Awaker,32352991,NA
TiP Gate,79912864,NA
SleazyWeazy,20438439,NA
Alderiate,67999538,NA
Astarore,58829120,NA
Sleper,49240284,NA
Agua,32739358,NA
Corruption,98930,NA
WildTurtle,521955,NA
ShadowmaRe,34677455,EUNE
Not Narakyle,52080012,NA
WildPanda,43174340,NA
Nyph,179572,NA
GodPiglet,65409090,NA
Serton,19190423,EUW
keanely,84189411,NA
AmazingJ,40986561,NA
Wos,56015771,NA
Cool,37429106,NA
Rakin,49200246,NA
Icytower,49276897,NA
CSI,22147232,NA
ArrowDongTak,83399084,NA
Cooler,21973659,NA
ClatoS,23958892,NA
Antogyn,19186502,EUNE
Dodo,55339287,NA
Phantiks,53776918,NA
Schabs,19131026,NA
Belgianbeast,24475570,NA
Henrik Hansen,71899154,NA
SkyBart,39400015,NA
Tidus,24588965,NA
aphromoo,442232,NA
Sigma,30935638,NA
SmLz,68049393,NA
Raid,51479205,NA
Sinkdream,61148336,EUNE
Epyonz,582669,NA
scarra,10077,NA
Azubu Rush,87456943,EUW
Kaixa,75690861,NA
Pobelter,2648,NA
IlIlIIIIllllIIII,49649446,NA
Zentinel,23142540,EUNE
Sigu,37234739,NA
Triple,45122772,NA
Carry,44449449,NA
Migxa,52332835,NA
Divine,19993048,NA
Yoda,57302782,NA
EXORKK,45359865,EUW
Koro1,55987631,NA
Gahlin,34124339,NA
Hakuho,21193669,NA
GodKwai,50483338,NA
tei,54783607,NA
Tealz,34280102,NA
Jenax,74599970,NA
Vengo,20859324,NA
Owns,58523382,NA
CozQ,43608896,NA
SirNukesAlot,75649136,NA
Revy,82818002,NA
Apexy,316920,NA
HUYA GorilIA,53849151,NA
Eika,53095658,NA
Soulsilver,22069858,NA
Anivia Kid,71899217,NA
Iimo,28800391,EUW
Liquid Smoothie,76422958,NA
elskerminepolser,80399576,EUW
DuBuKiD,40432244,NA
Smoothie,47594464,NA
Eiko,32031366,NA
Contractz,32932398,NA
Frae,23344982,NA
Diamond,19394778,NA
Trainsane,58593561,NA
Digolera,22409434,NA
Phrenic,39379206,NA
Fearless,226,NA
Mozilla,26656144,NA
Duji,21875404,NA
Cupcake,21245129,NA
Fart,20509907,NA
Louvi,58767810,NA
Vegas,77969313,NA
You Got Frogged,45892280,NA
Benjamin420360,20001980,NA
Chelby,30079516,NA
TSM TIKKA MASALA,40242573,NA
Inori,38252732,NA
Marge,30587927,NA
Febiven,44133122,NA
Yuuki6,48703462,EUNE
JothY,318542,NA
Voidle,25608158,EUW
PerkZ,45389148,NA
ForellenLord,73139878,NA
IcedCloud,23027606,EUNE
Wendelbo,47283843,EUNE
SmittyJ,47677549,NA
Revolta,78930272,NA
Jopakralj55,52294461,EUNE
Cuden,48975081,NA
Binx,20165105,NA
Ku,43503521,NA
Wikko,21090253,EUNE
whynuts,59256420,NA
PDD,22060075,NA
Skyyart,83971130,NA
Slooshi8,65389105,NA
ALthr,61006787,NA
HawkDon,28070261,EUW
Shantao,28795066,NA
Duplience,20208989,EUNE
p1noy,60210368,NA
Stray,23558518,NA
ChiNa N0 1,83179090,NA
Venon,20482069,NA
CirilIa,20932620,EUNE
Fat American,35174202,NA
Zytan,24783969,NA
Titan,413139,NA
TkSing,21414748,NA
Hocuspocus,30352661,NA
cogcog,2572651,KR
Edition,28953682,NA
DeadlyBrother,24857743,NA
xSphere,39061449,NA
Denden,22560370,NA
Seb,19831634,NA
Phoonie,19402808,NA
Pokka,38363713,NA
bit1,25767207,NA
sean,19463028,NA
Dex,28510277,NA
Granddes,20655749,NA
stixx,22965581,NA
LegoMyEgo,47007072,NA
san,19127851,NA
RedBert,23101486,NA
Lukezy,35709019,NA
God,2095,NA
Paz,29656002,NA
HeaQ,62245247,NA
LoordN,3802923,OCE
ALT3C,83339293,NA
Peng,35592922,NA
BliZarD,56962605,NA
Ciska,20999649,NA
DyrudeJstorm RMX,72162051,NA
Electra,81571092,NA
NikeZ,20023511,NA
WildTurtl,21818081,NA
Holly,2655,NA
Chaser,34372409,NA
Electro,71560680,NA
Oceans Eleven,47739388,NA
LgdsrR,63019079,NA
Dgc,21872086,NA
Zeriouz,58766995,NA
Long Cat 4,44989319,NA
Ben4,53407275,NA
Two Pants,84979516,NA
Oceans,25179274,NA
Jesiz,20813049,NA
GoB,39551495,NA
Chupper,49759232,NA
Chippys,52729198,EUW
SAND,20658244,NA
woofi,30729344,NA
Momo,18107,NA
MikeyR,50041392,NA
Genre,20410070,NA
Avoidless,19117408,NA
Ming,11765,NA
Kid,24990754,NA
Herdyn,63919887,NA
Xpecial,19199530,NA
Hylissang,78672519,NA
Wardz,50219378,NA
BaamSouma,44989332,NA
Lindsan,24683375,NA
Damskii,34514435,NA
PentaQ,34575168,NA
LaharlFatuS,19767675,NA
Doxy,20329794,NA
LiquidDiego,22694035,NA
C9 Incarnati0nn,67539169,NA
Saulius,47651853,NA
Porky,271096,NA
Lillebelt,6180257,JP
Piru,30275826,NA
Vert,105668,NA
Ruo,20872425,NA
Dyrus,5908,NA
Fireloli,82249667,NA
Teebo,19877776,NA
Voku,22104565,NA
Peluchin,72519104,NA
Taikki,73759302,NA
Naruga,65712652,NA
Sedrion,19006026,NA
Wakz,70039684,NA
XY,20113754,NA
Nanouk,52010511,NA
Doublelift,20132258,NA
Enty,48356925,NA
LoveLing,77441405,NA
Cloud,20181972,NA
Kid Cudi,148304,NA
qldurtms,50759139,NA
Hagane,49275806,NA
WeiXiao,36689530,NA
FZZF,37859028,NA
SirT,72768,NA
Sarkis,32610225,NA
Zuao,56998504,NA
Kimchi Wasaru,56624108,NA
Wei,21183619,NA
C9 Sword,77799096,NA
scotty,27894,NA
Chapanya,20833616,NA
Leza,20299869,EUNE
Day1,23005477,NA
XL Winner,95269,EUNE
Licken,33470772,NA
danzr,81171871,NA
SPIN Solaaaa,93036893,EUW
Paradise,27430831,NA
Melon,39932,NA
CrowMac,20346769,EUNE
SpiDerPiTv2,31217618,EUNE
Skyer,57289517,NA
Icarrynp,76490507,NA
Trashboat,73939178,NA
Gatocrack,43520921,NA
XQ,32415159,NA
Thyak,20579425,NA
Rocket,21275540,NA
Imagine Maple,74129111,NA
Gornagal,61641560,NA
MrRalleZ,68602135,NA
Yoshiaki,27370269,NA
Tarzan,22671625,NA
Arfoad,6170257,JP
First Mate,44770299,NA
Quan,32992298,NA
D D A B O N G,40743771,NA
Link,21705406,NA
nRated,26438460,NA
Xiaohu,42833078,NA
Xminie,44979348,NA
godlike,54319768,NA
CrossNA,77250969,NA
WhiteLotus,24476812,NA
Nerroh,44462152,NA
AcruxPrior,80076922,EUW
aripo,49819171,EUNE
Popobelterold,51539240,NA
Syrox,19327117,NA
Zero Slate,88140120,EUW
Yziv,27252329,NA
Catchense,79261373,NA
Falco,70029300,NA
Flula Borg,32833276,NA
Wickd,51369642,NA
Toyz,24965595,NA
Accelerator,20848379,NA
Mellisan,279316,EUW
Sleight,20978858,NA
Over,37981350,NA
H4ckerv2,46846961,EUW
LCS Actor 4,68301925,NA
Agent,25846618,NA
RNGLetMe,61930396,NA
Nbs,50667408,EUNE
Misaya,23922120,NA
C10 Meteos,84390969,NA
I7s,56309557,NA
KIM,36696988,NA
Luffy,21458958,NA
Inspirro,19620256,EUNE
Arcagod,46473384,EUW
Rogue,70061835,NA
Kvrof,22557932,NA
goldenglue,21490433,NA
Ilven,34100261,NA
Mortred,19883720,NA
Licorice,34983603,NA
Hatrixx,64160335,NA
Dirtgen,64007211,EUNE
ZionSpartan,44936362,NA
Spotted,34292688,NA
CuRtoKy,20181077,NA
Wolvyz,20217121,NA
RNG Ichy Ich,79559414,EUW
Verfix,24456396,NA
Xiaoxi,27300325,NA
nesrilaS,20518002,EUW
HappyY,23680523,NA
C9 StealthBomber,62276827,NA
Sairusq,391958,EUNE
Morsu,48352475,NA
Lamabear,83799280,NA
Rosey,38025643,NA
Djoko,38792700,NA
HotGuy6Pack,57029179,NA
Rui,44559328,NA
Jensen,28739291,NA
XoYnUzi,19350133,EUNE
hi im gosu,23557909,NA
Profound,28649746,NA
Liquid FeniX,73099358,NA
CoreEJ,65389095,NA
Pixel,77280958,NA
GV Bunny FuFuu,79010346,NA
Blooddragon,32631124,NA
FLY ALTEC,42762376,NA
ZH,75681587,NA
Chillyz,35830171,NA
WE Sp1rit,70011915,NA
Stixxay,73759385,NA
Mo,46183293,NA
Bjergsen,51575588,NA
Linak,37573226,EUNE
N1njA,20178921,NA
RF Legendary,19209176,NA
Warble,232800,NA
WoofWoofHuhiDog,61177955,EUNE
Tgun,51289748,NA
Zerym,55514779,NA
Flandre,39546,NA
AMUSE,45142651,NA
Bodydrop,36485566,NA
OwS The Brain,28341540,EUW
PorpoiseDeluxe,72997655,NA
Roki,26614061,NA
Toooby,585339,NA
YeTz,38990034,NA
Cardrid,24349471,NA
sOAZ,52419959,NA
Le Roi Bisou,84700779,NA
Zamphira,570422,NA
PrZo,409987,NA
Master Jos,8480374,LAN
FBI,28985476,NA
MiMo,22367501,NA
isurugi,71782400,NA
Porogami,21027,NA
Square Enix,43094496,NA
MicaO,28984511,NA
Arthelon,74649216,NA
Gokucp,20178858,NA
Siuman,28050099,NA
Hard,22876259,NA
1k2o1ko12ko12ko2,51082800,NA
Steve,5071,NA
Broeki,83619143,NA
Rishiri,81080053,NA
etnex,20052399,EUW
Jezie,20972853,NA
XiaoWeiXiao,78471747,NA
Kirito,27869470,NA
TynX,41880286,NA
XiaoXiao,36386118,NA
Just Johnny,45695069,NA
ThwSwing,1736596,LAS
Suppa,60551832,NA
Latimer,35293173,NA
Souley,36781781,NA
ATOZSELLOUTBOYS,44979366,NA
kyaa senpai x3,47845903,NA
BuPing,70439915,NA
Vizicsacsi,33779494,NA
Snow,4,NA
Liquid Piglet,62374009,NA
Ungi,23117024,NA
Dinamox,36710532,NA
Focho,31912067,NA
Pacman,43947960,NA
Pat,19740573,NA
VANEZ,53295150,NA
Noonia,50510905,NA
Huhi,61542283,NA
FaiTh,23891331,NA
IMG Steeelback,68149231,NA
Firemane811,19383387,EUNE
brTT,80899204,NA
Cpt,20101880,NA
ZaKe,31198839,NA
Jun,29730537,NA
Rofens,21188457,NA
Loong,27354638,NA
MrFribbs,77289088,EUW
Sebastian,53816962,NA
C9 Mudkip,78811514,NA
duo to homecomin,56578060,EUNE
Im the real J4ck,24372746,EUNE
Snoopy,26721122,NA
ElStorcoo,51686025,EUW
El Dari,454644,NA
Core Hound,65399097,NA
Yasuo gosu,75702760,NA
ChuChuZ,23087674,NA
Masterwork,73169214,NA
TheFoxz,68641702,NA
Halier,30633506,NA
ILinks,34302860,NA
SOnyky,50614563,NA
Toaster,61107149,NA
Norskeren,70439699,NA
Captain Korea,579766,NA
meiko,23539927,NA
B1G Kr1T,38828808,NA
Hauntzer,56779211,NA
Mazzerin,27460639,NA
Regret9,71157066,EUW
Euterpe,32692214,NA
doubleliftfanboy,44989342,NA
IlluSioN,29268452,NA
T3rr4s,32248973,EUNE
Metalx,31392485,NA
Snuggli,62873802,EUNE
Anjinho,427703,NA
Divide,21241355,NA
C9 Eon Young,65389099,NA
P1 zig,19787999,NA
Liquid Xpecial,37487156,NA
Pose,47271750,NA
Sannatas,83861472,NA
Bloody,19915834,NA
1onz,307822,NA
Rusty,26801,NA
TINY HUEVOS,73351343,EUW
Ti,57739751,NA
Plugo,56553601,NA
Exile,21239441,NA
C9 Jensen,68479258,NA
C9 Smoothie,20823651,NA
CLG ZionSpartan,35022070,NA
Seiya,29039950,NA
Cola,26621129,NA
Rafes,77150534,NA
Misumena,75859479,NA
World6,67083961,NA
Casker,58849083,NA
LOD,19884671,NA
tupo reborn,83339297,NA
Vizility,55322771,NA
Abbedagge,59617813,EUW
Skye,46090227,NA
WhiteKnight,13179,NA
Isayama Yomi,26241666,NA
Mattress,38795991,NA
JieZou,83111272,EUW
IIIIIllllIIIllIl,55415576,EUNE
Jaeyoong,42811454,NA
Leko,50954191,NA
Jayke,26664366,NA
amt2k,37087361,EUW
Pretty Raheem,51589239,NA
ImSoFresh,67649173,NA
Sleeping,20826275,NA
Nappon,44911228,NA
Golan,74511360,NA
if,30466228,NA
ShLaYa,30388885,NA
Sanic Boom,81079146,NA
Bloos,32409660,NA
Gov,77700873,NA
Gear,34258629,NA
Riou,27733736,NA
Geogeo,29586212,NA
Sicca,22911272,NA
Potato,36399,NA
SezzeR,69079153,NA
Bear,169433,NA
Soerenbjerg,37449713,NA
Raes,203876,NA
SOUPerior,24062245,NA
Biofrost,22478427,NA
JackeyLove,43165240,NA
Gonto,20787392,NA
Some Support,27231525,NA
AxAxAxAxA,83179089,NA
Wicked,7728,NA
Wynd,510875,NA
Goku,467643,NA
ParadoXical,20102167,NA
A Chinese Guy,41714255,NA
OwN,20027273,NA
Noway4u,71810944,NA
SEJUNI,27810838,NA
Vaalix,21294132,NA
Super Metroid,292926,NA
Shini,19806181,NA
Le Smart,47309794,NA
Ssumdayday,83089575,NA
Radians,35097883,NA
Vlokz,40270851,EUW
Dman43,34918778,EUW
KRYST4L,65409193,NA
Gstv1,56659443,NA
Kiralho,20893798,NA
Tartari,34625098,NA
Warangelus,65854821,EUNE
TheOddOne,60783,NA
Mactor,70979135,NA
FLY Lemon,44979325,NA
Rena,26610887,NA
Owl,36505,NA
Wunder,59229340,NA
MadafOckeR,32219901,NA
Minn,49530754,NA
Spontexx,21469743,EUNE
BananaHammock,13390,NA
Yang,35593095,NA
Lovecd,29487917,EUW
Neep,39859677,NA
AntonM,47538870,NA
AxKhan,22873042,NA
Santorin,37699495,NA
lNightmare,19009865,NA
VirusFX,23251358,NA
ripmkryzejm,21133901,NA
momsbaguette,24837039,EUW
Trick2g,19975245,NA
MasterMinD,22631180,NA
Turtle the Cat,18991200,NA
SPanny,76222527,NA
Eryn,20604347,NA
QQmore,70012834,NA
llllliiiilllllll,84959146,NA
O Y A B O N G,45901666,NA
Cabochard,66854288,EUNE
AblazeOlive,446965,NA
TlP Gate,74642775,NA
Nisbeth,65164915,NA
LeDuck,54948600,NA
Sundae,44769949,NA
Prodigy,20011510,NA
CloudNguyen,30871780,NA
PowerOfEvil,41873349,NA
Salamander,31318985,NA
P1 Inori,42980283,NA
CaliTrlolz8,21059607,NA
PeehSmite,65061868,NA
Bischu,20851493,NA
MoNk3yz,28866912,NA
Skullomania,19266134,NA
Brosak,20632514,NA
Upu,19318411,NA
Danael31,22736629,EUNE
Wh1t3zZ,25954531,NA
ChenyBoy,37929372,NA
MrsPinguini,61930263,EUW
Kabe,46341028,NA
NME Trashyy,64709239,NA
Darttt,69199672,NA
Nardeus,68001868,NA
Prepared,84530446,NA
rhyuga,22477971,NA
Fai,43899220,NA
Onionbagel,199072,NA
Lord Fabulous,19367906,EUNE
Xare,31253250,NA
Doomtrobo,71461241,NA
Yutapon,30640886,NA
6 Appeal,51409229,NA
Rippii,20975055,NA
Alunir,33981756,NA
yellowpete,43122450,NA
Hoki,81970598,NA
Yogi,21438,NA
C9 Ray,77179274,NA
Glukoza,44325,EUNE
Kujaa,75160771,NA
fantastic ad,73759389,NA
Hobbler,83039481,NA
enemyz,25561959,NA
Kadir,52989334,NA
Tour,40415020,NA
Manajj,20709990,NA
hamdendaarlige,66299085,NA
Duocek,19665819,NA
Locaal,78449098,EUW
Trilipe,27612692,EUW
Pbo,50422200,NA
Julaxe,59235923,EUNE
Wind,38956239,NA
Xmithie,19761072,NA
HotshotGG,407750,NA
Brokenshard,48299138,NA
Shernfire,30937113,NA
Lyrics,54449893,NA
BigBadButterfly,81310859,NA
57,64921847,NA
FiveToEight,479135,OCE
Gralou,21239803,NA
Kindless,85120723,NA
RhythmAsalt,24489836,EUNE
Dynquedo,84100614,NA
Professor,20772711,NA
xCube,36797274,NA
Shok,57333909,NA
K K O B O N G,30176403,NA
Cris,19770082,NA
NaMei,39226784,NA
Donmuri,19443361,NA
Envy,23773247,NA
Perry,19963909,NA
Firerider,78779738,NA
Ayel,24688562,NA
CitizenWayne,20052048,EUW
Entenzwerg,21800930,EUNE
pnq6ZgyBEvUT,44989304,NA
Wynk,40429378,NA
Kios,83191889,NA
Myw,48607906,NA
esA,25043774,NA
Snowlz,44843905,NA
LeX,21004419,NA
WizFujiiN,56403918,NA
Uzi,40671078,NA
NiksDa,52554375,EUW
Eraxis,57448415,NA
Ryavka,6170260,JP
Agronar,20337514,EUNE
TwoJ,19517822,NA
Rakyz,20783664,NA
wewillfailer,45372015,NA
XXF,37736458,NA
MythSweet,47044110,NA
ice,401169,NA
Heovax,20185115,NA
MaGsi,45973636,EUNE
Kaoz,58127,NA
Cabuloso,28783594,NA
KiWiKiD,23424599,NA
Jiaoyang,71189150,NA
Ley,82609553,NA
Condi,73068232,NA
SKT T1 Nightblue,28753857,NA
Kaov,24576646,NA
Beansu,49619902,NA
Wardain,40399418,NA
Keoo,20747452,NA
Ritix,66479232,NA
Primoo,51471307,NA
Bimbo8,52581119,EUNE
loulex,25350547,NA
corn,24150255,NA
Naga,21501495,NA
Gogoaffe,28319739,EUW
Kerp,38739525,NA
Chunx,334995,NA
C9 Winter,77211704,NA
Kaze,38996284,NA
Loop,26187459,NA
Short Dog,44979352,NA
Turtle,17673,NA
Pony,34159,NA
SmileyfaceEx,23407004,NA
sEnG,38719665,NA
Strategas,20486480,NA
Svenskeren,32705048,NA
LaMiaZeaLoT,37171638,NA
Rod,59156340,NA
Minkywhale,55901574,NA
DrTrevor,48912948,EUNE
Benshy,40970514,NA
Scarface,64840167,NA
Fable,26098157,NA
Volcan,60859208,NA
Hachiman,44566987,NA
FNC KaLu,76481621,NA
Baolan,60163780,NA
Moopz,19821890,NA
Kaihua,24683168,NA
Atup,19550678,NA
Inkki,19310830,EUNE
Estelim,56863779,NA
Moyashi,26678056,NA
Danagorn,66019095,NA
LordFulvio,32953167,EUNE
Aluka,24741666,NA
Blindturkey,25355788,NA
GV Keane,71769495,NA
Skamdiggidy,40882637,NA
COOLG,49910131,NA
EefFenZ,20321607,EUNE
DD Warrior Lady,25889933,NA
IIIlllIIIIIlIlIl,30943671,EUNE
Meteos,390600,NA
C9 Lemon,81721242,NA
Dragonrouge,37299137,EUNE
Mr Schmorington,63758993,EUW
Pandar,50424194,NA
Thulz,21039678,EUNE
PaSa,22294275,NA
Nisqy,65676082,EUNE
1984,19866999,NA
Clearlove7,70392948,NA
zig,69541022,NA
Sneaky,1621,NA
Kitty,24557813,NA
Arce,27816311,NA
Brucer,40838413,NA
Tails,537357,NA
Loopercorn,37962884,NA
Hans,36790969,NA
puszu,75839284,NA
sooyoung,24838380,NA
Atlus,20206034,NA
Dioud,30575026,NA
Djokovic,70200266,NA
Alps,57533104,NA
Blinky,37876,NA
TiP Rush,104377,NA
GMH,59150233,NA
P1 Shady,59189004,NA
Nightblue3,25850956,NA
Xioh,64985867,NA
Lfante,42192822,NA
Regi,24509978,NA
Nova,23811412,NA
Tricky2g,81572342,NA
Ceros,23126255,NA
Kaas,38739900,NA
Empt2,74801324,NA
228,21953442,NA
CaoMei,19691372,NA
Rkp,55473761,NA
XJPrincess,64825404,NA
Zven,454065,NA
DEATHMACHINELOL,34686950,EUNE
otter,55414883,NA
Baula,32373610,NA
XKeNz,23745338,NA
Newbie,35920622,NA
Nicodd,19843533,EUW
Kirino,26640930,NA
Denyk,43862702,NA
Allorim,24671130,NA
No Rage No Flame,77599102,NA
NerzhuL,73379628,NA
LEP,72411416,NA
TSM Piccaboo,73439511,NA
Meron,24865355,NA
CoolKitty,29739958,NA
Extinxiion,21858467,EUNE
Gripex,21076187,NA
Baiano,70340390,NA
Crisis,31422091,NA
Zeypher,26542688,NA
HandOfBlood,23579139,NA
Ayai,85180458,NA
Yoonjae Lee,75909557,NA
Nex,51796562,NA
Estel,38799464,NA
Liquid Quas,76892260,NA
Darinon,54895311,NA
Pun1sher,34921559,NA
Aoshi,26317762,NA
Tulz,26353789,NA
Wzrd,26790687,NA
Manorah,25264257,NA
Edward,44869082,NA
YoungBuck,272654,NA
STony,32520820,NA
League of Arrow,83339085,NA
DomhoX,19431150,NA
Mazin,35881859,NA
Daenerys,32979307,NA
Narkuss,47558255,NA
Fraid,39648,NA
ImHeat,25167586,EUW
SKT T1 Faker,20694810,NA
WetDreaM,26787646,NA
Alibabba,35730214,EUNE
InnoX,20533973,NA
Zylor,293947,NA
Heavenz,492179,NA
957,21967941,NA
Takagi,29371531,NA
Riyev,78727110,EUW
Vicious one,44979331,NA
Wuxx,69389283,NA
Intox,38235610,NA
SaZeD,27169410,NA
YanSir,76801009,NA
Swip3rR,82149088,NA
FORG1VEN,23068777,NA
TSM Lustboy,64900293,NA
Lost,41994067,NA
Lenny,174166,NA
Xiyang,250368,NA
NydusHerMain,21285744,NA
Voyboy,19134540,NA
YJTM,33470695,NA
Element,21071334,NA
Beni,45050514,NA
Espeon,19484311,NA
HeTong,40059493,NA
Cyanide,48439744,NA
Wextru,66969099,NA
TiP Adrian,24208829,NA
GodBro,72733165,NA
Kazu,70989459,NA
SorakaBot,69833615,NA
Hiiro,54881668,NA
BlacKat,79569690,NA
GaLaTaS,27686638,EUNE
Tilthour,72652419,NA
Karalius,71541991,NA
Ao,23768667,NA
Haydal,22022930,NA
Peng Yiliang,44979328,NA
extinkt,298841,NA
calihueva,5800713,LAN
Fafnyr,20123606,NA
Zawisky,21667995,EUNE
pyri,43264986,NA
Swizzle,30644421,NA
CLG Deftsu,60655037,NA
Jirall,82824259,NA
Chu8,19233798,NA
